fnid,country,country_code,admin_1,admin_2,product,season_name,planting_year,planting_month,harvest_year,harvest_month,crop_production_system,qc_flag,area,production,yield,mean_annual_ndvi
KE2013A102,Kenya,KE,Kwale,none,Potato,Annual,2017,1,2017,12,All (PS),0,40.0,54.0,1.35,0.0
KE2013A102,Kenya,KE,Kwale,none,Potato,Annual,2018,1,2018,12,All (PS),0,255.0,356.0,1.39607843137254,0.0
KE2013A102,Kenya,KE,Kwale,none,Potato,Annual,2020,1,2020,12,All (PS),0,30.0,21.6,0.72,0.0
KE2013A102,Kenya,KE,Kwale,none,Potato,Annual,2021,1,2021,12,All (PS),0,30.0,21.6,0.72,0.0
KE2013A106,Kenya,KE,Taita Taveta,none,Potato,Annual,2014,1,2014,12,All (PS),0,37.0,182.0,4.91891891891891,0.1482408930041177
KE2013A106,Kenya,KE,Taita Taveta,none,Potato,Annual,2015,1,2015,12,All (PS),0,33.0,195.0,5.9090909090909,0.4109236608139012
KE2013A106,Kenya,KE,Taita Taveta,none,Potato,Annual,2016,1,2016,12,All (PS),0,22.0,110.0,5.0,0.2092941879058091
KE2013A106,Kenya,KE,Taita Taveta,none,Potato,Annual,2017,1,2017,12,All (PS),0,22.5,197.5,8.77777777777777,0.6679269914037488
KE2013A106,Kenya,KE,Taita Taveta,none,Potato,Annual,2018,1,2018,12,All (PS),0,2064.0,20640.0,10.0,0.6554537859853672
KE2013A106,Kenya,KE,Taita Taveta,none,Potato,Annual,2019,1,2019,12,All (PS),0,33.0,330.0,10.0,0.6554537859853672
KE2013A106,Kenya,KE,Taita Taveta,none,Potato,Annual,2020,1,2020,12,All (PS),0,36.0,216.0,6.0,0.4561482191815279
KE2013A106,Kenya,KE,Taita Taveta,none,Potato,Annual,2021,1,2021,12,All (PS),0,738.0,1360.0,1.84281842818428,0.0
KE2013A112,Kenya,KE,Meru,none,Potato,Annual,2013,1,2013,12,All (PS),0,15240.0,159539.0,10.4684383202099,0.6290300695930492
KE2013A112,Kenya,KE,Meru,none,Potato,Annual,2014,1,2014,12,All (PS),0,14916.0,157503.5,10.5593657817109,0.6240474577960672
KE2013A112,Kenya,KE,Meru,none,Potato,Annual,2015,1,2015,12,All (PS),0,16120.0,129047.0,8.0053970223325,0.6526781381801549
KE2013A112,Kenya,KE,Meru,none,Potato,Annual,2016,1,2016,12,All (PS),0,15447.0,80608.0,5.21835955201657,0.2965054523091007
KE2013A112,Kenya,KE,Meru,none,Potato,Annual,2017,1,2017,12,All (PS),0,16509.0,131028.4,7.93678599551759,0.6311527768632826
KE2013A112,Kenya,KE,Meru,none,Potato,Annual,2018,1,2018,12,All (PS),0,17413.5,130102.3,7.4713469434634,0.599291586739826
KE2013A112,Kenya,KE,Meru,none,Potato,Annual,2019,1,2019,12,All (PS),0,17440.5,130184.75,7.46450789828273,0.596069
KE2013A112,Kenya,KE,Meru,none,Potato,Annual,2020,1,2020,12,All (PS),0,21016.8,141926.15,6.75298570667275,0.545485
KE2013A112,Kenya,KE,Meru,none,Potato,Annual,2021,1,2021,12,All (PS),0,17392.0,224746.8,12.9224241030358,0.458147
KE2013A113,Kenya,KE,Tharaka Nithi,none,Potato,Annual,2013,1,2013,12,All (PS),0,34.0,280.0,8.23529411764705,0.6556515794238676
KE2013A113,Kenya,KE,Tharaka Nithi,none,Potato,Annual,2014,1,2014,12,All (PS),0,42.0,365.0,8.69047619047619,0.6668340717878364
KE2013A113,Kenya,KE,Tharaka Nithi,none,Potato,Annual,2015,1,2015,12,All (PS),0,92.0,497.0,5.40217391304347,0.3074419867398277
KE2013A113,Kenya,KE,Tharaka Nithi,none,Potato,Annual,2016,1,2016,12,All (PS),0,61.0,285.0,4.67213114754098,0.1218654213991794
KE2013A113,Kenya,KE,Tharaka Nithi,none,Potato,Annual,2017,1,2017,12,All (PS),0,64.0,45.2,0.70625,0.0
KE2013A113,Kenya,KE,Tharaka Nithi,none,Potato,Annual,2018,1,2018,12,All (PS),0,64.0,384.0,6.0,0.4561482191815279
KE2013A113,Kenya,KE,Tharaka Nithi,none,Potato,Annual,2019,1,2019,12,All (PS),0,64.0,651.8,10.184375,0.6422420388660256
KE2013A113,Kenya,KE,Tharaka Nithi,none,Potato,Annual,2020,1,2020,12,All (PS),0,62.0,620.0,10.0,0.6554537859853672
KE2013A113,Kenya,KE,Tharaka Nithi,none,Potato,Annual,2021,1,2021,12,All (PS),0,50.0,525.0,10.5,0.6253202336534057
KE2013A114,Kenya,KE,Embu,none,Potato,Annual,2013,1,2013,12,All (PS),0,207.0,1863.0,9.0,0.6694635849794232
KE2013A114,Kenya,KE,Embu,none,Potato,Annual,2014,1,2014,12,All (PS),0,195.0,1755.0,9.0,0.6694635849794232
KE2013A114,Kenya,KE,Embu,none,Potato,Annual,2015,1,2015,12,All (PS),0,332.0,2480.0,7.46987951807228,0.5976893343392774
KE2013A114,Kenya,KE,Embu,none,Potato,Annual,2016,1,2016,12,All (PS),0,320.0,2710.0,8.46875,0.6633172092363963
KE2013A114,Kenya,KE,Embu,none,Potato,Annual,2017,1,2017,12,All (PS),0,298.0,1490.0,5.0,0.2092941879058091
KE2013A114,Kenya,KE,Embu,none,Potato,Annual,2018,1,2018,12,All (PS),0,290.0,2610.0,9.0,0.6694635849794232
KE2013A114,Kenya,KE,Embu,none,Potato,Annual,2019,1,2019,12,All (PS),0,236.0,2270.0,9.61864406779661,0.6651491148605387
KE2013A114,Kenya,KE,Embu,none,Potato,Annual,2020,1,2020,12,All (PS),0,268.0,1995.0,7.44402985074626,0.5944305837219934
KE2013A114,Kenya,KE,Embu,none,Potato,Annual,2021,1,2021,12,All (PS),0,273.6,2057.0,7.51827485380116,0.6128981711019659
KE2013A116,Kenya,KE,Machakos,none,Potato,Annual,2013,1,2013,12,All (PS),0,10.0,68.0,6.8,0.5517563942386833
KE2013A116,Kenya,KE,Machakos,none,Potato,Annual,2014,1,2014,12,All (PS),0,10.0,6.0,0.6,0.0
KE2013A116,Kenya,KE,Machakos,none,Potato,Annual,2015,1,2015,12,All (PS),0,33.0,167.0,5.06060606060606,0.2588750115226355
KE2013A116,Kenya,KE,Machakos,none,Potato,Annual,2016,1,2016,12,All (PS),0,18.0,96.0,5.33333333333333,0.3001690457247386
KE2013A116,Kenya,KE,Machakos,none,Potato,Annual,2017,1,2017,12,All (PS),0,23.0,93.0,4.04347826086956,0.04834840923639983
KE2013A116,Kenya,KE,Machakos,none,Potato,Annual,2019,1,2019,12,All (PS),0,2.0,10.0,5.0,0.2092941879058091
KE2013A116,Kenya,KE,Machakos,none,Potato,Annual,2020,1,2020,12,All (PS),0,1.5,3.75,2.5,0.0
KE2013A117,Kenya,KE,Makueni,none,Potato,Annual,2013,1,2013,12,All (PS),0,146.5,1132.6,7.73105802047781,0.6237633409236393
KE2013A117,Kenya,KE,Makueni,none,Potato,Annual,2014,1,2014,12,All (PS),0,137.0,1035.0,7.55474452554744,0.6157229551897573
KE2013A117,Kenya,KE,Makueni,none,Potato,Annual,2015,1,2015,12,All (PS),0,390.0,1900.0,4.87179487179487,0.1395213968907203
KE2013A117,Kenya,KE,Makueni,none,Potato,Annual,2016,1,2016,12,All (PS),0,300.0,630.0,2.1,0.0
KE2013A117,Kenya,KE,Makueni,none,Potato,Annual,2018,1,2018,12,All (PS),0,30.0,154.0,5.13333333333333,0.2665457551897593
KE2013A117,Kenya,KE,Makueni,none,Potato,Annual,2019,1,2019,12,All (PS),0,11.0,110.0,10.0,0.6554537859853672
KE2013A117,Kenya,KE,Makueni,none,Potato,Annual,2020,1,2020,12,All (PS),0,11.0,110.0,10.0,0.6554537859853672
KE2013A117,Kenya,KE,Makueni,none,Potato,Annual,2021,1,2021,12,All (PS),0,46.0,262.0,5.69565217391304,0.3761933703703715
KE2013A118,Kenya,KE,Nyandarua,none,Potato,Annual,2013,1,2013,12,All (PS),0,19961.0,272520.0,13.6526226140974,0.4085370512117057
KE2013A118,Kenya,KE,Nyandarua,none,Potato,Annual,2014,1,2014,12,All (PS),0,22270.0,293410.0,13.1751234845083,0.4412343102880659
KE2013A118,Kenya,KE,Nyandarua,none,Potato,Annual,2015,1,2015,12,All (PS),0,38500.0,538500.0,13.9870129870129,0.3897800037494284
KE2013A118,Kenya,KE,Nyandarua,none,Potato,Annual,2016,1,2016,12,All (PS),0,35775.0,401560.0,11.2245981830887,0.5719018868769997
KE2013A118,Kenya,KE,Nyandarua,none,Potato,Annual,2017,1,2017,12,All (PS),0,33540.0,464960.0,13.8628503279666,0.3961046806584363
KE2013A118,Kenya,KE,Nyandarua,none,Potato,Annual,2018,1,2018,12,All (PS),0,35975.0,466560.0,12.9690062543432,0.4553734232281663
KE2013A118,Kenya,KE,Nyandarua,none,Potato,Annual,2019,1,2019,12,All (PS),0,31261.0,349785.0,11.1891814081443,0.5737713667123907
KE2013A118,Kenya,KE,Nyandarua,none,Potato,Annual,2020,1,2020,12,All (PS),0,33100.0,351380.0,10.6157099697885,0.6201206385916772
KE2013A118,Kenya,KE,Nyandarua,none,Potato,Annual,2021,1,2021,12,All (PS),0,35600.0,394535.0,11.0824438202247,0.5792713145861904
KE2013A119,Kenya,KE,Nyeri,none,Potato,Annual,1966,1,1966,12,All (PS),0,3644.0,18000.0,4.93962678375411,0.152573518152723
KE2013A119,Kenya,KE,Nyeri,none,Potato,Annual,1967,1,1967,12,All (PS),0,3644.0,18220.0,5.0,0.2092941879058091
KE2013A119,Kenya,KE,Nyeri,none,Potato,Annual,1968,1,1968,12,All (PS),0,2546.0,11202.0,4.39984289080911,0.08108168312757474
KE2013A119,Kenya,KE,Nyeri,none,Potato,Annual,1969,1,1969,12,All (PS),0,945.0,3070.0,3.24867724867724,0.0
KE2013A119,Kenya,KE,Nyeri,none,Potato,Annual,1970,1,1970,12,All (PS),0,1929.0,11574.0,6.0,0.4561482191815279
KE2013A119,Kenya,KE,Nyeri,none,Potato,Annual,1971,1,1971,12,All (PS),0,1998.0,11982.0,5.99699699699699,0.4289452767261096
KE2013A119,Kenya,KE,Nyeri,none,Potato,Annual,1972,1,1972,12,All (PS),0,3107.0,17749.0,5.71258448664306,0.3826707060813912
KE2013A119,Kenya,KE,Nyeri,none,Potato,Annual,1973,1,1973,12,All (PS),0,2272.0,27264.0,12.0,0.5192882609053494
KE2013A119,Kenya,KE,Nyeri,none,Potato,Annual,1974,1,1974,12,All (PS),0,4473.0,54000.0,12.0724346076458,0.4900195300411521
KE2013A119,Kenya,KE,Nyeri,none,Potato,Annual,1975,1,1975,12,All (PS),0,5331.0,42635.0,7.99756143312699,0.6346033886602646
KE2013A119,Kenya,KE,Nyeri,none,Potato,Annual,1976,1,1976,12,All (PS),0,3880.0,42635.0,10.9884020618556,0.601223900411522
KE2013A119,Kenya,KE,Nyeri,none,Potato,Annual,1977,1,1977,12,All (PS),0,1115.0,3320.0,2.97757847533632,0.0
KE2013A119,Kenya,KE,Nyeri,none,Potato,Annual,1978,1,1978,12,All (PS),0,4730.0,62000.0,13.1078224101479,0.4440982967535437
KE2013A119,Kenya,KE,Nyeri,none,Potato,Annual,1979,1,1979,12,All (PS),0,3392.0,22613.0,6.66656839622641,0.5324539991769549
KE2013A119,Kenya,KE,Nyeri,none,Potato,Annual,1980,1,1980,12,All (PS),0,5699.0,41540.0,7.28899806983681,0.5894068432556012
KE2013A119,Kenya,KE,Nyeri,none,Potato,Annual,1981,1,1981,12,All (PS),0,7786.0,41733.0,5.36000513742615,0.3038145572016476
KE2013A119,Kenya,KE,Nyeri,none,Potato,Annual,1982,1,1982,12,All (PS),0,4725.0,41580.0,8.8,0.6683649595793316
KE2013A119,Kenya,KE,Nyeri,none,Potato,Annual,1983,1,1983,12,All (PS),0,6926.0,57272.0,8.26913081143517,0.6583357096479189
KE2013A119,Kenya,KE,Nyeri,none,Potato,Annual,1984,1,1984,12,All (PS),0,4202.0,28365.0,6.75035697287006,0.5412136608139004
KE2013A119,Kenya,KE,Nyeri,none,Potato,Annual,1985,1,1985,12,All (PS),0,8288.0,55947.0,6.75036196911196,0.5433583713763147
KE2013A119,Kenya,KE,Nyeri,none,Potato,Annual,1986,1,1986,12,All (PS),0,10194.0,91360.0,8.9621345889739,0.6690239126657515
KE2013A119,Kenya,KE,Nyeri,none,Potato,Annual,1987,1,1987,12,All (PS),0,120260.0,63858.0,0.530999501080991,0.0
KE2013A119,Kenya,KE,Nyeri,none,Potato,Annual,1988,1,1988,12,All (PS),0,14150.0,106092.0,7.49766784452296,0.6024418457247367
KE2013A119,Kenya,KE,Nyeri,none,Potato,Annual,1989,1,1989,12,All (PS),0,14409.0,122477.0,8.50003470053438,0.6650610786465471
KE2013A119,Kenya,KE,Nyeri,none,Potato,Annual,1990,1,1990,12,All (PS),0,10201.0,95889.0,9.39996078815802,0.6684089776863275
KE2013A119,Kenya,KE,Nyeri,none,Potato,Annual,2013,1,2013,12,All (PS),0,7918.0,24949.1,3.15093457943925,0.0
KE2013A119,Kenya,KE,Nyeri,none,Potato,Annual,2014,1,2014,12,All (PS),0,7294.0,27765.3,3.80659446120098,0.02683772014174968
KE2013A119,Kenya,KE,Nyeri,none,Potato,Annual,2015,1,2015,12,All (PS),0,16510.0,93927.0,5.68909751665657,0.3729275796067683
KE2013A119,Kenya,KE,Nyeri,none,Potato,Annual,2016,1,2016,12,All (PS),0,15087.0,77533.0,5.13906011798236,0.270354004115228
KE2013A119,Kenya,KE,Nyeri,none,Potato,Annual,2017,1,2017,12,All (PS),0,17977.0,64098.15,3.56556433220225,0.004960871787840382
KE2013A119,Kenya,KE,Nyeri,none,Potato,Annual,2018,1,2018,12,All (PS),0,15461.0,76993.1,4.97982666062997,0.1568880613625995
KE2013A119,Kenya,KE,Nyeri,none,Potato,Annual,2019,1,2019,12,All (PS),0,16118.0,123280.0,7.64859163667948,0.621155540100594
KE2013A119,Kenya,KE,Nyeri,none,Potato,Annual,2020,1,2020,12,All (PS),0,16358.0,95994.0,5.86832131067367,0.4047718000000009
KE2013A119,Kenya,KE,Nyeri,none,Potato,Annual,2021,1,2021,12,All (PS),0,16469.0,111733.24,6.78445807274272,0.5475935466849567
KE2013A120,Kenya,KE,Kirinyaga,none,Potato,Annual,2013,1,2013,12,All (PS),0,1051.0,14176.75,13.4888201712654,0.4206801107453131
KE2013A120,Kenya,KE,Kirinyaga,none,Potato,Annual,2014,1,2014,12,All (PS),0,839.0,10068.0,12.0,0.5192882609053494
KE2013A120,Kenya,KE,Kirinyaga,none,Potato,Annual,2015,1,2015,12,All (PS),0,1739.0,11935.0,6.86313973548016,0.5578650510288066
KE2013A120,Kenya,KE,Kirinyaga,none,Potato,Annual,2016,1,2016,12,All (PS),0,1268.0,8160.0,6.43533123028391,0.5140667428440789
KE2013A120,Kenya,KE,Kirinyaga,none,Potato,Annual,2017,1,2017,12,All (PS),0,608.1,5448.8,8.96036836046702,0.6688862973022397
KE2013A120,Kenya,KE,Kirinyaga,none,Potato,Annual,2018,1,2018,12,All (PS),0,533.0,2968.0,5.56848030018761,0.3146426000000015
KE2013A120,Kenya,KE,Kirinyaga,none,Potato,Annual,2019,1,2019,12,All (PS),0,504.0,3441.92,6.82920634920634,0.5538106951074533
KE2013A120,Kenya,KE,Kirinyaga,none,Potato,Annual,2020,1,2020,12,All (PS),0,505.0,5845.0,11.5742574257425,0.5562950983996336
KE2013A120,Kenya,KE,Kirinyaga,none,Potato,Annual,2021,1,2021,12,All (PS),0,579.0,5564.5,9.61053540587219,0.6655358757201638
KE2013A121,Kenya,KE,Murang'a,none,Potato,Annual,2013,1,2013,12,All (PS),0,7918.0,24949.1,3.15093457943925,0.0
KE2013A121,Kenya,KE,Murang'a,none,Potato,Annual,2014,1,2014,12,All (PS),0,7294.0,27765.3,3.80659446120098,0.02683772014174968
KE2013A121,Kenya,KE,Murang'a,none,Potato,Annual,2015,1,2015,12,All (PS),0,7002.0,48032.0,6.85975435589831,0.5558469140374943
KE2013A121,Kenya,KE,Murang'a,none,Potato,Annual,2016,1,2016,12,All (PS),0,7045.0,35225.0,5.0,0.2092941879058091
KE2013A121,Kenya,KE,Murang'a,none,Potato,Annual,2017,1,2017,12,All (PS),0,6446.9,22618.6,3.50844591974437,4.962459991170176e-05
KE2013A121,Kenya,KE,Murang'a,none,Potato,Annual,2018,1,2018,12,All (PS),0,6282.1,21583.26,3.43567596822718,0.0
KE2013A121,Kenya,KE,Murang'a,none,Potato,Annual,2019,1,2019,12,All (PS),0,6642.34,22753.2,3.42547957496906,0.0
KE2013A121,Kenya,KE,Murang'a,none,Potato,Annual,2020,1,2020,12,All (PS),0,6547.5,22483.97,3.4339778541428,0.0
KE2013A121,Kenya,KE,Murang'a,none,Potato,Annual,2021,1,2021,12,All (PS),0,6313.76,32708.35,5.18048674640784,0.2854061804298141
KE2013A122,Kenya,KE,Kiambu,none,Potato,Annual,2013,1,2013,12,All (PS),0,12479.0,143431.0,11.4937895664716,0.5603052871513483
KE2013A122,Kenya,KE,Kiambu,none,Potato,Annual,2014,1,2014,12,All (PS),0,15483.0,99313.62,6.4143654330556,0.5092891093735714
KE2013A122,Kenya,KE,Kiambu,none,Potato,Annual,2015,1,2015,12,All (PS),0,17554.0,116605.0,6.64264555087159,0.527965676726109
KE2013A122,Kenya,KE,Kiambu,none,Potato,Annual,2016,1,2016,12,All (PS),0,19670.0,149219.0,7.58612099644128,0.6171082243255599
KE2013A122,Kenya,KE,Kiambu,none,Potato,Annual,2017,1,2017,12,All (PS),0,23667.0,184494.85,7.79544724722187,0.6262988139917692
KE2013A122,Kenya,KE,Kiambu,none,Potato,Annual,2018,1,2018,12,All (PS),0,19348.0,137255.0,7.09401488525945,0.5842203653406493
KE2013A122,Kenya,KE,Kiambu,none,Potato,Annual,2019,1,2019,12,All (PS),0,19739.5,90000.0,4.55938600268497,0.1174062226794721
KE2013A122,Kenya,KE,Kiambu,none,Potato,Annual,2020,1,2020,12,All (PS),0,16403.0,112743.35,6.87333719441565,0.5598651060813901
KE2013A122,Kenya,KE,Kiambu,none,Potato,Annual,2021,1,2021,12,All (PS),0,18955.0,123904.45,6.53676866262199,0.5187720485596711
KE2013A124,Kenya,KE,West Pokot,none,Potato,Annual,1967,1,1967,12,All (PS),0,33.0,,,
KE2013A124,Kenya,KE,West Pokot,none,Potato,Annual,1968,1,1968,12,All (PS),0,29.0,80.0,2.75862068965517,0.0
KE2013A124,Kenya,KE,West Pokot,none,Potato,Annual,1969,1,1969,12,All (PS),0,100.0,350.0,3.5,0.0
KE2013A124,Kenya,KE,West Pokot,none,Potato,Annual,1970,1,1970,12,All (PS),0,100.0,490.0,4.9,0.1438901859167834
KE2013A124,Kenya,KE,West Pokot,none,Potato,Annual,1971,1,1971,12,All (PS),0,113.0,565.0,5.0,0.2092941879058091
KE2013A124,Kenya,KE,West Pokot,none,Potato,Annual,1972,1,1972,12,All (PS),0,104.0,520.0,5.0,0.2092941879058091
KE2013A124,Kenya,KE,West Pokot,none,Potato,Annual,1973,1,1973,12,All (PS),0,131.0,470.0,3.58778625954198,0.009854037037040186
KE2013A124,Kenya,KE,West Pokot,none,Potato,Annual,1974,1,1974,12,All (PS),0,100.0,440.0,4.4,0.08568553735711287
KE2013A124,Kenya,KE,West Pokot,none,Potato,Annual,1975,1,1975,12,All (PS),0,259.0,2590.0,10.0,0.6554537859853672
KE2013A124,Kenya,KE,West Pokot,none,Potato,Annual,1976,1,1976,12,All (PS),0,105.0,930.0,8.85714285714285,0.6687305999999992
KE2013A124,Kenya,KE,West Pokot,none,Potato,Annual,1977,1,1977,12,All (PS),0,280.0,3360.0,12.0,0.5192882609053494
KE2013A124,Kenya,KE,West Pokot,none,Potato,Annual,1978,1,1978,12,All (PS),0,81.0,162.0,2.0,0.0
KE2013A124,Kenya,KE,West Pokot,none,Potato,Annual,1979,1,1979,12,All (PS),0,48.0,367.0,7.64583333333333,0.6198245167809783
KE2013A124,Kenya,KE,West Pokot,none,Potato,Annual,1980,1,1980,12,All (PS),0,81.0,162.0,2.0,0.0
KE2013A124,Kenya,KE,West Pokot,none,Potato,Annual,1981,1,1981,12,All (PS),0,95.0,190.0,2.0,0.0
KE2013A124,Kenya,KE,West Pokot,none,Potato,Annual,1982,1,1982,12,All (PS),0,85.0,170.0,2.0,0.0
KE2013A124,Kenya,KE,West Pokot,none,Potato,Annual,1983,1,1983,12,All (PS),0,85.0,168.0,1.97647058823529,0.0
KE2013A124,Kenya,KE,West Pokot,none,Potato,Annual,1984,1,1984,12,All (PS),0,83.0,1540.0,18.5542168674698,0.2899443571101972
KE2013A124,Kenya,KE,West Pokot,none,Potato,Annual,1985,1,1985,12,All (PS),0,149.0,1192.0,8.0,0.6444567109053493
KE2013A124,Kenya,KE,West Pokot,none,Potato,Annual,1986,1,1986,12,All (PS),0,260.0,4160.0,16.0,0.3278479547096483
KE2013A124,Kenya,KE,West Pokot,none,Potato,Annual,1987,1,1987,12,All (PS),0,256.0,2048.0,8.0,0.6444567109053493
KE2013A124,Kenya,KE,West Pokot,none,Potato,Annual,1988,1,1988,12,All (PS),0,287.0,4592.0,16.0,0.3278479547096483
KE2013A124,Kenya,KE,West Pokot,none,Potato,Annual,1989,1,1989,12,All (PS),0,355.0,6690.0,18.8450704225352,0.2862305195244632
KE2013A124,Kenya,KE,West Pokot,none,Potato,Annual,1990,1,1990,12,All (PS),0,226.0,4073.0,18.0221238938053,0.2936401127572023
KE2013A124,Kenya,KE,West Pokot,none,Potato,Annual,2015,1,2015,12,All (PS),0,2132.0,13132.0,6.15947467166979,0.4894552979423872
KE2013A124,Kenya,KE,West Pokot,none,Potato,Annual,2016,1,2016,12,All (PS),0,1289.0,6634.0,5.14662529092319,0.2741441711019678
KE2013A124,Kenya,KE,West Pokot,none,Potato,Annual,2017,1,2017,12,All (PS),0,800.0,8800.0,11.0,0.5914716584362133
KE2013A124,Kenya,KE,West Pokot,none,Potato,Annual,2018,1,2018,12,All (PS),0,960.0,10560.0,11.0,0.5914716584362133
KE2013A124,Kenya,KE,West Pokot,none,Potato,Annual,2019,1,2019,12,All (PS),0,1800.0,21600.0,12.0,0.5192882609053494
KE2013A124,Kenya,KE,West Pokot,none,Potato,Annual,2020,1,2020,12,All (PS),0,1750.0,17500.0,10.0,0.6554537859853672
KE2013A124,Kenya,KE,West Pokot,none,Potato,Annual,2021,1,2021,12,All (PS),0,2517.0,25170.0,10.0,0.6554537859853672
KE2013A125,Kenya,KE,Samburu,none,Potato,Annual,1968,1,1968,12,All (PS),0,24.0,101.0,4.20833333333333,0.06716162880658716
KE2013A125,Kenya,KE,Samburu,none,Potato,Annual,1969,1,1969,12,All (PS),0,27.0,100.0,3.7037037037037,0.01958612171925317
KE2013A125,Kenya,KE,Samburu,none,Potato,Annual,1971,1,1971,12,All (PS),0,25.0,188.0,7.52,0.614319604115226
KE2013A125,Kenya,KE,Samburu,none,Potato,Annual,1972,1,1972,12,All (PS),0,30.0,288.0,9.6,0.6662551516232272
KE2013A125,Kenya,KE,Samburu,none,Potato,Annual,1973,1,1973,12,All (PS),0,35.0,308.0,8.8,0.6683649595793316
KE2013A125,Kenya,KE,Samburu,none,Potato,Annual,1974,1,1974,12,All (PS),0,44.0,440.0,10.0,0.6554537859853672
KE2013A125,Kenya,KE,Samburu,none,Potato,Annual,1975,1,1975,12,All (PS),0,190.0,783.0,4.12105263157894,0.05779118289895124
KE2013A125,Kenya,KE,Samburu,none,Potato,Annual,1976,1,1976,12,All (PS),0,70.0,315.0,4.5,0.1084335794238709
KE2013A125,Kenya,KE,Samburu,none,Potato,Annual,1977,1,1977,12,All (PS),0,85.0,510.0,6.0,0.4561482191815279
KE2013A125,Kenya,KE,Samburu,none,Potato,Annual,1978,1,1978,12,All (PS),0,107.0,1081.0,10.1028037383177,0.6441908866026512
KE2013A125,Kenya,KE,Samburu,none,Potato,Annual,1979,1,1979,12,All (PS),0,180.0,2178.0,12.1,0.4874629365340647
KE2013A125,Kenya,KE,Samburu,none,Potato,Annual,1980,1,1980,12,All (PS),0,192.0,1248.0,6.5,0.5164284366712395
KE2013A125,Kenya,KE,Samburu,none,Potato,Annual,1981,1,1981,12,All (PS),0,192.0,864.0,4.5,0.1084335794238709
KE2013A125,Kenya,KE,Samburu,none,Potato,Annual,1982,1,1982,12,All (PS),0,110.0,935.0,8.5,0.6642253078189292
KE2013A125,Kenya,KE,Samburu,none,Potato,Annual,1983,1,1983,12,All (PS),0,88.0,75.0,0.852272727272727,0.0
KE2013A125,Kenya,KE,Samburu,none,Potato,Annual,1984,1,1984,12,All (PS),0,2.0,2.0,1.0,0.0
KE2013A125,Kenya,KE,Samburu,none,Potato,Annual,1987,1,1987,12,All (PS),0,20.0,225.0,11.25,0.5681086813900316
KE2013A125,Kenya,KE,Samburu,none,Potato,Annual,1988,1,1988,12,All (PS),0,30.0,150.0,5.0,0.2092941879058091
KE2013A125,Kenya,KE,Samburu,none,Potato,Annual,1989,1,1989,12,All (PS),0,30.0,480.0,16.0,0.3278479547096483
KE2013A125,Kenya,KE,Samburu,none,Potato,Annual,1990,1,1990,12,All (PS),0,37.0,185.0,5.0,0.2092941879058091
KE2013A125,Kenya,KE,Samburu,none,Potato,Annual,2015,1,2015,12,All (PS),0,720.0,5960.0,8.27777777777777,0.6589615373571095
KE2013A125,Kenya,KE,Samburu,none,Potato,Annual,2016,1,2016,12,All (PS),0,400.0,3500.0,8.75,0.6676808844078638
KE2013A125,Kenya,KE,Samburu,none,Potato,Annual,2017,1,2017,12,All (PS),0,350.0,3700.0,10.5714285714285,0.6227565999999992
KE2013A125,Kenya,KE,Samburu,none,Potato,Annual,2018,1,2018,12,All (PS),0,70.0,310.0,4.42857142857142,0.09483900000000262
KE2013A125,Kenya,KE,Samburu,none,Potato,Annual,2019,1,2019,12,All (PS),0,80.0,480.0,6.0,0.4561482191815279
KE2013A125,Kenya,KE,Samburu,none,Potato,Annual,2020,1,2020,12,All (PS),0,40.0,325.0,8.125,0.6549353420210328
KE2013A125,Kenya,KE,Samburu,none,Potato,Annual,2021,1,2021,12,All (PS),0,20.0,160.0,8.0,0.6444567109053493
KE2013A126,Kenya,KE,Trans Nzoia,none,Potato,Annual,2013,1,2013,12,All (PS),0,110.0,1327.5,12.0681818181818,0.4925580416095104
KE2013A126,Kenya,KE,Trans Nzoia,none,Potato,Annual,2014,1,2014,12,All (PS),0,87.0,870.0,10.0,0.6554537859853672
KE2013A126,Kenya,KE,Trans Nzoia,none,Potato,Annual,2015,1,2015,12,All (PS),0,2943.0,12883.0,4.37750594631328,0.07645974695930768
KE2013A126,Kenya,KE,Trans Nzoia,none,Potato,Annual,2016,1,2016,12,All (PS),0,1739.0,10040.0,5.77343300747556,0.3858822510288077
KE2013A126,Kenya,KE,Trans Nzoia,none,Potato,Annual,2017,1,2017,12,All (PS),0,1250.2,18753.0,15.0,0.3553888227480568
KE2013A126,Kenya,KE,Trans Nzoia,none,Potato,Annual,2018,1,2018,12,All (PS),0,1828.0,17960.4,9.82516411378556,0.6643213473251021
KE2013A126,Kenya,KE,Trans Nzoia,none,Potato,Annual,2019,1,2019,12,All (PS),0,1653.0,12370.8,7.48384754990925,0.6008757572016458
KE2013A126,Kenya,KE,Trans Nzoia,none,Potato,Annual,2020,1,2020,12,All (PS),0,1675.0,9750.0,5.82089552238806,0.3985476114311852
KE2013A126,Kenya,KE,Trans Nzoia,none,Potato,Annual,2021,1,2021,12,All (PS),0,1758.0,9940.0,5.65415244596131,0.3696437069044364
KE2013A127,Kenya,KE,Uasin Gishu,none,Potato,Annual,2013,1,2013,12,All (PS),0,1215.0,12150.0,10.0,0.6554537859853672
KE2013A127,Kenya,KE,Uasin Gishu,none,Potato,Annual,2014,1,2014,12,All (PS),0,1132.0,11320.0,10.0,0.6554537859853672
KE2013A127,Kenya,KE,Uasin Gishu,none,Potato,Annual,2015,1,2015,12,All (PS),0,1198.0,8914.0,7.44073455759599,0.5927740855052582
KE2013A127,Kenya,KE,Uasin Gishu,none,Potato,Annual,2016,1,2016,12,All (PS),0,1429.0,9571.0,6.69769069279216,0.5346710374942846
KE2013A127,Kenya,KE,Uasin Gishu,none,Potato,Annual,2017,1,2017,12,All (PS),0,1367.3,21055.15,15.3990711621443,0.3400394797439416
KE2013A127,Kenya,KE,Uasin Gishu,none,Potato,Annual,2018,1,2018,12,All (PS),0,1544.7,16943.0,10.9684728426231,0.6027859872885225
KE2013A127,Kenya,KE,Uasin Gishu,none,Potato,Annual,2019,1,2019,12,All (PS),0,4053.0,60034.0,14.8122378485072,0.370372006492913
KE2013A127,Kenya,KE,Uasin Gishu,none,Potato,Annual,2020,1,2020,12,All (PS),0,7188.8,106204.2,14.7735644335633,0.3736518775491541
KE2013A127,Kenya,KE,Uasin Gishu,none,Potato,Annual,2021,1,2021,12,All (PS),0,7237.0,56659.0,7.82907282022937,0.6275394276177407
KE2013A128,Kenya,KE,Elgeyo-Marakwet,none,Potato,Annual,1967,1,1967,12,All (PS),0,1110.0,3079.0,2.77387387387387,0.0
KE2013A128,Kenya,KE,Elgeyo-Marakwet,none,Potato,Annual,1968,1,1968,12,All (PS),0,1176.0,752.0,0.639455782312925,0.0
KE2013A128,Kenya,KE,Elgeyo-Marakwet,none,Potato,Annual,1969,1,1969,12,All (PS),0,990.0,9800.0,9.8989898989899,0.6634212520347499
KE2013A128,Kenya,KE,Elgeyo-Marakwet,none,Potato,Annual,1971,1,1971,12,All (PS),0,865.0,9169.0,10.6,0.6214476602652027
KE2013A128,Kenya,KE,Elgeyo-Marakwet,none,Potato,Annual,1972,1,1972,12,All (PS),0,770.0,6699.0,8.7,0.6671344245999079
KE2013A128,Kenya,KE,Elgeyo-Marakwet,none,Potato,Annual,1973,1,1973,12,All (PS),0,970.0,7279.0,7.5041237113402,0.6114586561499766
KE2013A128,Kenya,KE,Elgeyo-Marakwet,none,Potato,Annual,1974,1,1974,12,All (PS),0,1180.0,10148.0,8.6,0.6665156370370363
KE2013A128,Kenya,KE,Elgeyo-Marakwet,none,Potato,Annual,1975,1,1975,12,All (PS),0,1215.0,8362.0,6.88230452674897,0.5618470791952447
KE2013A128,Kenya,KE,Elgeyo-Marakwet,none,Potato,Annual,1976,1,1976,12,All (PS),0,1149.0,13443.0,11.6997389033942,0.5501442007315951
KE2013A128,Kenya,KE,Elgeyo-Marakwet,none,Potato,Annual,1977,1,1977,12,All (PS),0,1195.0,7170.0,6.0,0.4561482191815279
KE2013A128,Kenya,KE,Elgeyo-Marakwet,none,Potato,Annual,1978,1,1978,12,All (PS),0,1180.0,1080.0,0.915254237288135,0.0
KE2013A128,Kenya,KE,Elgeyo-Marakwet,none,Potato,Annual,1979,1,1979,12,All (PS),0,1450.0,3240.0,2.23448275862068,0.0
KE2013A128,Kenya,KE,Elgeyo-Marakwet,none,Potato,Annual,1980,1,1980,12,All (PS),0,1600.0,1440.0,0.9,0.0
KE2013A128,Kenya,KE,Elgeyo-Marakwet,none,Potato,Annual,1981,1,1981,12,All (PS),0,1800.0,10400.0,5.77777777777777,0.3890757140374953
KE2013A128,Kenya,KE,Elgeyo-Marakwet,none,Potato,Annual,1982,1,1982,12,All (PS),0,1800.0,18000.0,10.0,0.6554537859853672
KE2013A128,Kenya,KE,Elgeyo-Marakwet,none,Potato,Annual,1983,1,1983,12,All (PS),0,1990.0,19000.0,9.54773869346733,0.6669020997713754
KE2013A128,Kenya,KE,Elgeyo-Marakwet,none,Potato,Annual,1984,1,1984,12,All (PS),0,1670.0,6700.0,4.01197604790419,0.0435998994970308
KE2013A128,Kenya,KE,Elgeyo-Marakwet,none,Potato,Annual,1985,1,1985,12,All (PS),0,2090.0,16720.0,8.0,0.6444567109053493
KE2013A128,Kenya,KE,Elgeyo-Marakwet,none,Potato,Annual,1986,1,1986,12,All (PS),0,3487.0,19527.0,5.59994264410668,0.342721775491542
KE2013A128,Kenya,KE,Elgeyo-Marakwet,none,Potato,Annual,1987,1,1987,12,All (PS),0,3150.0,63000.0,20.0,0.2730896927069053
KE2013A128,Kenya,KE,Elgeyo-Marakwet,none,Potato,Annual,1988,1,1988,12,All (PS),0,5500.0,44000.0,8.0,0.6444567109053493
KE2013A128,Kenya,KE,Elgeyo-Marakwet,none,Potato,Annual,1989,1,1989,12,All (PS),0,4550.0,63700.0,14.0,0.3865905423868312
KE2013A128,Kenya,KE,Elgeyo-Marakwet,none,Potato,Annual,1990,1,1990,12,All (PS),0,5200.0,72000.0,13.8461538461538,0.399239896204847
KE2013A128,Kenya,KE,Elgeyo-Marakwet,none,Potato,Annual,2013,1,2013,12,All (PS),0,15234.0,212558.0,13.9528685834317,0.3929513831732968
KE2013A128,Kenya,KE,Elgeyo-Marakwet,none,Potato,Annual,2014,1,2014,12,All (PS),0,11637.0,151281.0,13.0,0.4497720238683125
KE2013A128,Kenya,KE,Elgeyo-Marakwet,none,Potato,Annual,2015,1,2015,12,All (PS),0,14958.0,90400.0,6.04358871506886,0.4843160256973027
KE2013A128,Kenya,KE,Elgeyo-Marakwet,none,Potato,Annual,2016,1,2016,12,All (PS),0,15850.0,130891.0,8.2581072555205,0.6576917999999995
KE2013A128,Kenya,KE,Elgeyo-Marakwet,none,Potato,Annual,2017,1,2017,12,All (PS),0,13052.0,176202.0,13.5,0.4176714687700048
KE2013A128,Kenya,KE,Elgeyo-Marakwet,none,Potato,Annual,2018,1,2018,12,All (PS),0,30763.0,386986.0,12.5795923674544,0.471743654778235
KE2013A128,Kenya,KE,Elgeyo-Marakwet,none,Potato,Annual,2019,1,2019,12,All (PS),0,32242.0,399276.0,12.3837230941008,0.4822955037037034
KE2013A128,Kenya,KE,Elgeyo-Marakwet,none,Potato,Annual,2020,1,2020,12,All (PS),0,32005.0,436657.0,13.6433994688329,0.4115999390032009
KE2013A128,Kenya,KE,Elgeyo-Marakwet,none,Potato,Annual,2021,1,2021,12,All (PS),0,31370.0,425964.0,13.5787057698438,0.4146447448559673
KE2013A129,Kenya,KE,Nandi,none,Potato,Annual,1969,1,1969,12,All (PS),0,114.0,570.0,5.0,0.2092941879058091
KE2013A129,Kenya,KE,Nandi,none,Potato,Annual,1970,1,1970,12,All (PS),0,114.0,456.0,4.0,0.03883330781893296
KE2013A129,Kenya,KE,Nandi,none,Potato,Annual,1971,1,1971,12,All (PS),0,89.0,366.0,4.11235955056179,0.05307883703703992
KE2013A129,Kenya,KE,Nandi,none,Potato,Annual,1972,1,1972,12,All (PS),0,13.0,65.0,5.0,0.2092941879058091
KE2013A129,Kenya,KE,Nandi,none,Potato,Annual,1973,1,1973,12,All (PS),0,10.0,50.0,5.0,0.2092941879058091
KE2013A129,Kenya,KE,Nandi,none,Potato,Annual,1974,1,1974,12,All (PS),0,15.0,90.0,6.0,0.4561482191815279
KE2013A129,Kenya,KE,Nandi,none,Potato,Annual,1975,1,1975,12,All (PS),0,18.0,108.0,6.0,0.4561482191815279
KE2013A129,Kenya,KE,Nandi,none,Potato,Annual,1976,1,1976,12,All (PS),0,158.0,1490.0,9.43037974683544,0.6679790128029256
KE2013A129,Kenya,KE,Nandi,none,Potato,Annual,1977,1,1977,12,All (PS),0,60.0,450.0,7.5,0.6062779585505257
KE2013A129,Kenya,KE,Nandi,none,Potato,Annual,1978,1,1978,12,All (PS),0,28.0,168.0,6.0,0.4561482191815279
KE2013A129,Kenya,KE,Nandi,none,Potato,Annual,1979,1,1979,12,All (PS),0,100.0,500.0,5.0,0.2092941879058091
KE2013A129,Kenya,KE,Nandi,none,Potato,Annual,1980,1,1980,12,All (PS),0,100.0,500.0,5.0,0.2092941879058091
KE2013A129,Kenya,KE,Nandi,none,Potato,Annual,1981,1,1981,12,All (PS),0,203.0,1218.0,6.0,0.4561482191815279
KE2013A129,Kenya,KE,Nandi,none,Potato,Annual,1982,1,1982,12,All (PS),0,227.0,1362.0,6.0,0.4561482191815279
KE2013A129,Kenya,KE,Nandi,none,Potato,Annual,1983,1,1983,12,All (PS),0,82.0,2050.0,25.0,0.2519922940100602
KE2013A129,Kenya,KE,Nandi,none,Potato,Annual,1984,1,1984,12,All (PS),0,240.0,4800.0,20.0,0.2730896927069053
KE2013A129,Kenya,KE,Nandi,none,Potato,Annual,1985,1,1985,12,All (PS),0,280.0,2240.0,8.0,0.6444567109053493
KE2013A129,Kenya,KE,Nandi,none,Potato,Annual,1986,1,1986,12,All (PS),0,263.0,2104.0,8.0,0.6444567109053493
KE2013A129,Kenya,KE,Nandi,none,Potato,Annual,1987,1,1987,12,All (PS),0,294.0,5290.0,17.9931972789115,0.3082423159579338
KE2013A129,Kenya,KE,Nandi,none,Potato,Annual,1988,1,1988,12,All (PS),0,365.0,4380.0,12.0,0.5192882609053494
KE2013A129,Kenya,KE,Nandi,none,Potato,Annual,1989,1,1989,12,All (PS),0,688.0,11008.0,16.0,0.3278479547096483
KE2013A129,Kenya,KE,Nandi,none,Potato,Annual,1990,1,1990,12,All (PS),0,311.0,6531.0,21.0,0.2635677732967544
KE2013A129,Kenya,KE,Nandi,none,Potato,Annual,2013,1,2013,12,All (PS),0,360.7,3246.3,9.0,0.6694635849794232
KE2013A129,Kenya,KE,Nandi,none,Potato,Annual,2014,1,2014,12,All (PS),0,384.3,4227.3,11.0,0.5914716584362133
KE2013A129,Kenya,KE,Nandi,none,Potato,Annual,2015,1,2015,12,All (PS),0,634.0,4436.0,6.9968454258675,0.5657567796067672
KE2013A129,Kenya,KE,Nandi,none,Potato,Annual,2016,1,2016,12,All (PS),0,641.0,4297.0,6.70358814352574,0.5368699938728854
KE2013A129,Kenya,KE,Nandi,none,Potato,Annual,2017,1,2017,12,All (PS),0,288.0,1612.8,5.6,0.3495607499771388
KE2013A129,Kenya,KE,Nandi,none,Potato,Annual,2018,1,2018,12,All (PS),0,492.0,5738.0,11.6626016260162,0.5522125818930035
KE2013A129,Kenya,KE,Nandi,none,Potato,Annual,2019,1,2019,12,All (PS),0,479.5,6010.0,12.533889468196,0.4744087399176955
KE2013A129,Kenya,KE,Nandi,none,Potato,Annual,2020,1,2020,12,All (PS),0,517.5,6727.5,13.0,0.4497720238683125
KE2013A129,Kenya,KE,Nandi,none,Potato,Annual,2021,1,2021,12,All (PS),0,304.5,3853.0,12.6535303776683,0.4609024948331046
KE2013A130,Kenya,KE,Baringo,none,Potato,Annual,1970,1,1970,12,All (PS),1,345.0,8521.0,24.6985507246376,0.2558688690443538
KE2013A130,Kenya,KE,Baringo,none,Potato,Annual,1971,1,1971,12,All (PS),0,44.0,160.0,3.63636363636363,0.01472912034751112
KE2013A130,Kenya,KE,Baringo,none,Potato,Annual,1972,1,1972,12,All (PS),0,44.0,144.0,3.27272727272727,0.0
KE2013A130,Kenya,KE,Baringo,none,Potato,Annual,1973,1,1973,12,All (PS),0,88.0,288.0,3.27272727272727,0.0
KE2013A130,Kenya,KE,Baringo,none,Potato,Annual,1974,1,1974,12,All (PS),0,60.0,420.0,7.0,0.5705421942158209
KE2013A130,Kenya,KE,Baringo,none,Potato,Annual,1975,1,1975,12,All (PS),0,120.0,1200.0,10.0,0.6554537859853672
KE2013A130,Kenya,KE,Baringo,none,Potato,Annual,1976,1,1976,12,All (PS),0,126.0,1319.0,10.4682539682539,0.6302305176954724
KE2013A130,Kenya,KE,Baringo,none,Potato,Annual,1977,1,1977,12,All (PS),0,146.0,870.0,5.95890410958904,0.4200158374942853
KE2013A130,Kenya,KE,Baringo,none,Potato,Annual,1978,1,1978,12,All (PS),0,180.0,558.0,3.1,0.0
KE2013A130,Kenya,KE,Baringo,none,Potato,Annual,1979,1,1979,12,All (PS),0,185.0,333.0,1.8,0.0
KE2013A130,Kenya,KE,Baringo,none,Potato,Annual,1980,1,1980,12,All (PS),0,180.0,558.0,3.1,0.0
KE2013A130,Kenya,KE,Baringo,none,Potato,Annual,1981,1,1981,12,All (PS),0,174.0,835.0,4.79885057471264,0.1263065381801579
KE2013A130,Kenya,KE,Baringo,none,Potato,Annual,1982,1,1982,12,All (PS),0,117.0,563.0,4.81196581196581,0.1351345259259283
KE2013A130,Kenya,KE,Baringo,none,Potato,Annual,1983,1,1983,12,All (PS),0,258.0,2838.0,11.0,0.5914716584362133
KE2013A130,Kenya,KE,Baringo,none,Potato,Annual,1984,1,1984,12,All (PS),0,80.0,72.0,0.9,0.0
KE2013A130,Kenya,KE,Baringo,none,Potato,Annual,1985,1,1985,12,All (PS),0,99.0,1059.0,10.6969696969696,0.6167239759259253
KE2013A130,Kenya,KE,Baringo,none,Potato,Annual,1986,1,1986,12,All (PS),0,99.0,1059.0,10.6969696969696,0.6167239759259253
KE2013A130,Kenya,KE,Baringo,none,Potato,Annual,1987,1,1987,12,All (PS),0,233.0,1621.0,6.95708154506437,0.5638109703703703
KE2013A130,Kenya,KE,Baringo,none,Potato,Annual,1988,1,1988,12,All (PS),0,205.0,2050.0,10.0,0.6554537859853672
KE2013A130,Kenya,KE,Baringo,none,Potato,Annual,1989,1,1989,12,All (PS),0,373.0,4476.0,12.0,0.5192882609053494
KE2013A130,Kenya,KE,Baringo,none,Potato,Annual,1990,1,1990,12,All (PS),0,518.0,5957.0,11.5,0.5583092337448555
KE2013A130,Kenya,KE,Baringo,none,Potato,Annual,2013,1,2013,12,All (PS),0,1764.0,17640.0,10.0,0.6554537859853672
KE2013A130,Kenya,KE,Baringo,none,Potato,Annual,2014,1,2014,12,All (PS),0,2013.0,22143.0,11.0,0.5914716584362133
KE2013A130,Kenya,KE,Baringo,none,Potato,Annual,2015,1,2015,12,All (PS),0,1366.0,7792.0,5.70424597364568,0.3794410791952457
KE2013A130,Kenya,KE,Baringo,none,Potato,Annual,2016,1,2016,12,All (PS),0,1656.0,10992.0,6.63768115942029,0.5234050265203477
KE2013A130,Kenya,KE,Baringo,none,Potato,Annual,2017,1,2017,12,All (PS),0,3518.5,20755.0,5.898820520108,0.4078567713763154
KE2013A130,Kenya,KE,Baringo,none,Potato,Annual,2018,1,2018,12,All (PS),0,3522.0,38038.0,10.8001135718341,0.6132143011431177
KE2013A130,Kenya,KE,Baringo,none,Potato,Annual,2019,1,2019,12,All (PS),0,3733.0,39084.0,10.4698633806589,0.6278115395518967
KE2013A130,Kenya,KE,Baringo,none,Potato,Annual,2020,1,2020,12,All (PS),0,3597.0,39207.0,10.8999165971643,0.6073637562871506
KE2013A130,Kenya,KE,Baringo,none,Potato,Annual,2021,1,2021,12,All (PS),0,3363.0,45215.0,13.4448409158489,0.4266431488797439
KE2013A131,Kenya,KE,Laikipia,none,Potato,Annual,1970,1,1970,12,All (PS),0,139.0,200.0,1.4388489208633,0.0
KE2013A131,Kenya,KE,Laikipia,none,Potato,Annual,1971,1,1971,12,All (PS),0,224.0,385.0,1.71875,0.0
KE2013A131,Kenya,KE,Laikipia,none,Potato,Annual,1972,1,1972,12,All (PS),0,404.0,5831.0,14.4331683168316,0.3801573738454507
KE2013A131,Kenya,KE,Laikipia,none,Potato,Annual,1973,1,1973,12,All (PS),0,316.0,4252.0,13.4556962025316,0.4236706707818929
KE2013A131,Kenya,KE,Laikipia,none,Potato,Annual,1974,1,1974,12,All (PS),0,410.0,4940.0,12.0487804878048,0.4950784712391402
KE2013A131,Kenya,KE,Laikipia,none,Potato,Annual,1975,1,1975,12,All (PS),0,620.0,5950.0,9.59677419354838,0.6665876666666658
KE2013A131,Kenya,KE,Laikipia,none,Potato,Annual,1976,1,1976,12,All (PS),0,1400.0,11900.0,8.5,0.6642253078189292
KE2013A131,Kenya,KE,Laikipia,none,Potato,Annual,1977,1,1977,12,All (PS),0,750.0,4500.0,6.0,0.4561482191815279
KE2013A131,Kenya,KE,Laikipia,none,Potato,Annual,1978,1,1978,12,All (PS),0,1050.0,6300.0,6.0,0.4561482191815279
KE2013A131,Kenya,KE,Laikipia,none,Potato,Annual,1979,1,1979,12,All (PS),0,2146.0,20673.0,9.63327120223671,0.6647442720621849
KE2013A131,Kenya,KE,Laikipia,none,Potato,Annual,1980,1,1980,12,All (PS),0,1800.0,16200.0,9.0,0.6694635849794232
KE2013A131,Kenya,KE,Laikipia,none,Potato,Annual,1981,1,1981,12,All (PS),0,4000.0,18000.0,4.5,0.1084335794238709
KE2013A131,Kenya,KE,Laikipia,none,Potato,Annual,1982,1,1982,12,All (PS),0,1450.0,15600.0,10.7586206896551,0.6146317325102874
KE2013A131,Kenya,KE,Laikipia,none,Potato,Annual,1983,1,1983,12,All (PS),0,1400.0,11200.0,8.0,0.6444567109053493
KE2013A131,Kenya,KE,Laikipia,none,Potato,Annual,1984,1,1984,12,All (PS),0,800.0,80.0,0.1,0.0
KE2013A131,Kenya,KE,Laikipia,none,Potato,Annual,1985,1,1985,12,All (PS),0,2285.0,11425.0,5.0,0.2092941879058091
KE2013A131,Kenya,KE,Laikipia,none,Potato,Annual,1986,1,1986,12,All (PS),0,3000.0,18000.0,6.0,0.4561482191815279
KE2013A131,Kenya,KE,Laikipia,none,Potato,Annual,1987,1,1987,12,All (PS),0,5236.0,26180.0,5.0,0.2092941879058091
KE2013A131,Kenya,KE,Laikipia,none,Potato,Annual,1988,1,1988,12,All (PS),0,3315.0,16575.0,5.0,0.2092941879058091
KE2013A131,Kenya,KE,Laikipia,none,Potato,Annual,1989,1,1989,12,All (PS),0,2580.0,30960.0,12.0,0.5192882609053494
KE2013A131,Kenya,KE,Laikipia,none,Potato,Annual,1990,1,1990,12,All (PS),0,2120.0,25440.0,12.0,0.5192882609053494
KE2013A131,Kenya,KE,Laikipia,none,Potato,Annual,2013,1,2013,12,All (PS),0,470.0,5300.0,11.2765957446808,0.5661849557384541
KE2013A131,Kenya,KE,Laikipia,none,Potato,Annual,2014,1,2014,12,All (PS),0,484.0,5680.0,11.7355371900826,0.5480577376314583
KE2013A131,Kenya,KE,Laikipia,none,Potato,Annual,2015,1,2015,12,All (PS),0,4888.0,38549.0,7.8864566284779,0.6299664090534974
KE2013A131,Kenya,KE,Laikipia,none,Potato,Annual,2016,1,2016,12,All (PS),0,6252.0,48104.0,7.69417786308381,0.622468481481481
KE2013A131,Kenya,KE,Laikipia,none,Potato,Annual,2017,1,2017,12,All (PS),0,2208.0,20932.0,9.48007246376811,0.6677369074531313
KE2013A131,Kenya,KE,Laikipia,none,Potato,Annual,2018,1,2018,12,All (PS),0,2399.0,26389.0,11.0,0.5914716584362133
KE2013A131,Kenya,KE,Laikipia,none,Potato,Annual,2019,1,2019,12,All (PS),0,2442.0,27044.0,11.074529074529,0.581068466666666
KE2013A131,Kenya,KE,Laikipia,none,Potato,Annual,2020,1,2020,12,All (PS),0,2436.0,26406.0,10.8399014778325,0.6117787878372192
KE2013A131,Kenya,KE,Laikipia,none,Potato,Annual,2021,1,2021,12,All (PS),0,2436.0,27000.0,11.0837438423645,0.5774560805669862
KE2013A132,Kenya,KE,Nakuru,none,Potato,Annual,1971,1,1971,12,All (PS),0,450.0,,,
KE2013A132,Kenya,KE,Nakuru,none,Potato,Annual,1972,1,1972,12,All (PS),0,500.0,3750.0,7.5,0.6062779585505257
KE2013A132,Kenya,KE,Nakuru,none,Potato,Annual,1973,1,1973,12,All (PS),0,1200.0,8640.0,7.2,0.5876960992226795
KE2013A132,Kenya,KE,Nakuru,none,Potato,Annual,1974,1,1974,12,All (PS),0,4200.0,11700.0,2.78571428571428,0.0
KE2013A132,Kenya,KE,Nakuru,none,Potato,Annual,1975,1,1975,12,All (PS),0,1400.0,12600.0,9.0,0.6694635849794232
KE2013A132,Kenya,KE,Nakuru,none,Potato,Annual,1976,1,1976,12,All (PS),0,5600.0,50420.0,9.00357142857142,0.6690519241883851
KE2013A132,Kenya,KE,Nakuru,none,Potato,Annual,1977,1,1977,12,All (PS),0,5640.0,45120.0,8.0,0.6444567109053493
KE2013A132,Kenya,KE,Nakuru,none,Potato,Annual,1978,1,1978,12,All (PS),0,6150.0,49200.0,8.0,0.6444567109053493
KE2013A132,Kenya,KE,Nakuru,none,Potato,Annual,1979,1,1979,12,All (PS),0,1935.0,11611.0,6.00051679586563,0.4817192666666672
KE2013A132,Kenya,KE,Nakuru,none,Potato,Annual,1980,1,1980,12,All (PS),0,1162.0,9754.0,8.39414802065404,0.66181944682213
KE2013A132,Kenya,KE,Nakuru,none,Potato,Annual,1981,1,1981,12,All (PS),1,2038.0,45855.0,22.5,0.2597273621399185
KE2013A132,Kenya,KE,Nakuru,none,Potato,Annual,1982,1,1982,12,All (PS),0,3905.0,49203.0,12.6,0.4690604877000456
KE2013A132,Kenya,KE,Nakuru,none,Potato,Annual,1983,1,1983,12,All (PS),0,5030.0,40240.0,8.0,0.6444567109053493
KE2013A132,Kenya,KE,Nakuru,none,Potato,Annual,1984,1,1984,12,All (PS),0,4747.0,49220.0,10.3686538866652,0.6359615291266568
KE2013A132,Kenya,KE,Nakuru,none,Potato,Annual,1985,1,1985,12,All (PS),0,6000.0,90000.0,15.0,0.3553888227480568
KE2013A132,Kenya,KE,Nakuru,none,Potato,Annual,1986,1,1986,12,All (PS),0,8217.0,82170.0,10.0,0.6554537859853672
KE2013A132,Kenya,KE,Nakuru,none,Potato,Annual,1987,1,1987,12,All (PS),0,10372.0,107320.0,10.3470883146934,0.6370534855967068
KE2013A132,Kenya,KE,Nakuru,none,Potato,Annual,1988,1,1988,12,All (PS),0,40396.0,155940.0,3.86028319635607,0.03404863420210635
KE2013A132,Kenya,KE,Nakuru,none,Potato,Annual,1989,1,1989,12,All (PS),0,4430.0,35440.0,8.0,0.6444567109053493
KE2013A132,Kenya,KE,Nakuru,none,Potato,Annual,1990,1,1990,12,All (PS),0,5663.0,50967.0,9.0,0.6694635849794232
KE2013A132,Kenya,KE,Nakuru,none,Potato,Annual,2013,1,2013,12,All (PS),0,27761.0,313716.4,11.3006159720471,0.5642431481481477
KE2013A132,Kenya,KE,Nakuru,none,Potato,Annual,2014,1,2014,12,All (PS),0,34744.3,361027.4,10.3909821179301,0.6337233703703694
KE2013A132,Kenya,KE,Nakuru,none,Potato,Annual,2015,1,2015,12,All (PS),0,31274.0,212235.0,6.78630811536739,0.5496840114311845
KE2013A132,Kenya,KE,Nakuru,none,Potato,Annual,2016,1,2016,12,All (PS),0,30501.0,225479.0,7.39251172092718,0.5910995053497942
KE2013A132,Kenya,KE,Nakuru,none,Potato,Annual,2017,1,2017,12,All (PS),0,40640.8,422065.0,10.3852532430463,0.6348514907178776
KE2013A132,Kenya,KE,Nakuru,none,Potato,Annual,2018,1,2018,12,All (PS),0,37282.0,228065.0,6.11729520948447,0.4868947027892094
KE2013A132,Kenya,KE,Nakuru,none,Potato,Annual,2019,1,2019,12,All (PS),0,39195.0,330623.75,8.43535527490751,0.6628360370370362
KE2013A132,Kenya,KE,Nakuru,none,Potato,Annual,2020,1,2020,12,All (PS),0,29868.0,393687.0,13.1808959421454,0.4383522418838591
KE2013A132,Kenya,KE,Nakuru,none,Potato,Annual,2021,1,2021,12,All (PS),0,40285.0,422207.0,10.4805014273302,0.6265749275720157
KE2013A133,Kenya,KE,Narok,none,Potato,Annual,1966,1,1966,12,All (PS),0,400.0,,,
KE2013A133,Kenya,KE,Narok,none,Potato,Annual,1967,1,1967,12,All (PS),0,529.0,,,
KE2013A133,Kenya,KE,Narok,none,Potato,Annual,1970,1,1970,12,All (PS),0,4084.0,,,
KE2013A133,Kenya,KE,Narok,none,Potato,Annual,1971,1,1971,12,All (PS),0,492.0,2949.0,5.99390243902439,0.425986878920897
KE2013A133,Kenya,KE,Narok,none,Potato,Annual,1972,1,1972,12,All (PS),0,500.0,1500.0,3.0,0.0
KE2013A133,Kenya,KE,Narok,none,Potato,Annual,1973,1,1973,12,All (PS),0,142.0,710.0,5.0,0.2092941879058091
KE2013A133,Kenya,KE,Narok,none,Potato,Annual,1974,1,1974,12,All (PS),0,800.0,16000.0,20.0,0.2730896927069053
KE2013A133,Kenya,KE,Narok,none,Potato,Annual,1975,1,1975,12,All (PS),0,3800.0,41800.0,11.0,0.5914716584362133
KE2013A133,Kenya,KE,Narok,none,Potato,Annual,1976,1,1976,12,All (PS),0,1500.0,16500.0,11.0,0.5914716584362133
KE2013A133,Kenya,KE,Narok,none,Potato,Annual,1977,1,1977,12,All (PS),0,1750.0,10500.0,6.0,0.4561482191815279
KE2013A133,Kenya,KE,Narok,none,Potato,Annual,1978,1,1978,12,All (PS),0,1440.0,8640.0,6.0,0.4561482191815279
KE2013A133,Kenya,KE,Narok,none,Potato,Annual,1979,1,1979,12,All (PS),0,1000.0,5000.0,5.0,0.2092941879058091
KE2013A133,Kenya,KE,Narok,none,Potato,Annual,1980,1,1980,12,All (PS),0,1200.0,7200.0,6.0,0.4561482191815279
KE2013A133,Kenya,KE,Narok,none,Potato,Annual,1981,1,1981,12,All (PS),0,2645.0,317.0,0.11984877126654,0.0
KE2013A133,Kenya,KE,Narok,none,Potato,Annual,1982,1,1982,12,All (PS),0,1750.0,21875.0,12.5,0.4770557431184267
KE2013A133,Kenya,KE,Narok,none,Potato,Annual,1983,1,1983,12,All (PS),0,2102.0,20000.0,9.51474785918173,0.6671984509373562
KE2013A133,Kenya,KE,Narok,none,Potato,Annual,1984,1,1984,12,All (PS),0,1855.0,8904.0,4.8,0.1307295730224075
KE2013A133,Kenya,KE,Narok,none,Potato,Annual,1985,1,1985,12,All (PS),0,3000.0,23600.0,7.86666666666666,0.6287619593049835
KE2013A133,Kenya,KE,Narok,none,Potato,Annual,1986,1,1986,12,All (PS),0,2980.0,23840.0,8.0,0.6444567109053493
KE2013A133,Kenya,KE,Narok,none,Potato,Annual,1987,1,1987,12,All (PS),0,4300.0,51600.0,12.0,0.5192882609053494
KE2013A133,Kenya,KE,Narok,none,Potato,Annual,1988,1,1988,12,All (PS),0,5500.0,66000.0,12.0,0.5192882609053494
KE2013A133,Kenya,KE,Narok,none,Potato,Annual,1989,1,1989,12,All (PS),0,4000.0,72000.0,18.0,0.2973177864654785
KE2013A133,Kenya,KE,Narok,none,Potato,Annual,1990,1,1990,12,All (PS),0,4200.0,60480.0,14.4,0.3833829990855057
KE2013A133,Kenya,KE,Narok,none,Potato,Annual,2013,1,2013,12,All (PS),0,7879.0,80264.25,10.1871113085416,0.6412404920896196
KE2013A133,Kenya,KE,Narok,none,Potato,Annual,2014,1,2014,12,All (PS),0,10173.0,82402.33,8.10010124840263,0.6542010226794689
KE2013A133,Kenya,KE,Narok,none,Potato,Annual,2015,1,2015,12,All (PS),0,13733.0,61783.0,4.49887133182844,0.09938860841335423
KE2013A133,Kenya,KE,Narok,none,Potato,Annual,2016,1,2016,12,All (PS),0,13152.0,76222.0,5.79546836982968,0.3954083942386841
KE2013A133,Kenya,KE,Narok,none,Potato,Annual,2017,1,2017,12,All (PS),0,16882.9,162077.65,9.60010720906953,0.6659045546410599
KE2013A133,Kenya,KE,Narok,none,Potato,Annual,2018,1,2018,12,All (PS),0,16385.0,151143.63,9.22451205370766,0.6689183104709641
KE2013A133,Kenya,KE,Narok,none,Potato,Annual,2019,1,2019,12,All (PS),0,12077.0,138388.0,11.4588059948662,0.5622832586191124
KE2013A133,Kenya,KE,Narok,none,Potato,Annual,2020,1,2020,12,All (PS),0,15236.0,180268.0,11.8317143607246,0.5459531925925922
KE2013A133,Kenya,KE,Narok,none,Potato,Annual,2021,1,2021,12,All (PS),0,14560.0,102599.0,7.04663461538461,0.5770519143118426
KE2013A134,Kenya,KE,Kajiado,none,Potato,Annual,2013,1,2013,12,All (PS),0,859.0,6013.0,7.0,0.5705421942158209
KE2013A134,Kenya,KE,Kajiado,none,Potato,Annual,2014,1,2014,12,All (PS),0,1091.0,8728.0,8.0,0.6444567109053493
KE2013A134,Kenya,KE,Kajiado,none,Potato,Annual,2015,1,2015,12,All (PS),0,626.0,5162.0,8.24600638977635,0.6563497348879738
KE2013A134,Kenya,KE,Kajiado,none,Potato,Annual,2016,1,2016,12,All (PS),0,865.0,5558.0,6.42543352601156,0.5116869670781896
KE2013A134,Kenya,KE,Kajiado,none,Potato,Annual,2017,1,2017,12,All (PS),0,1076.0,7219.6,6.70966542750929,0.5390508683127574
KE2013A134,Kenya,KE,Kajiado,none,Potato,Annual,2018,1,2018,12,All (PS),0,1452.0,10266.0,7.07024793388429,0.5806723037037036
KE2013A134,Kenya,KE,Kajiado,none,Potato,Annual,2019,1,2019,12,All (PS),0,1028.0,4334.63,4.21656614785992,0.07181972885231191
KE2013A134,Kenya,KE,Kajiado,none,Potato,Annual,2020,1,2020,12,All (PS),0,1378.0,4823.0,3.5,0.0
KE2013A134,Kenya,KE,Kajiado,none,Potato,Annual,2021,1,2021,12,All (PS),0,113.0,46.13,0.408230088495575,0.0
KE2013A135,Kenya,KE,Kericho,none,Potato,Annual,1971,1,1971,12,All (PS),0,1772.21249345661,3898.8398831983,2.19998442488902,0.0
KE2013A135,Kenya,KE,Kericho,none,Potato,Annual,1972,1,1972,12,All (PS),0,1707.20882673143,15364.8794405829,9.0,0.6694635849794232
KE2013A135,Kenya,KE,Kericho,none,Potato,Annual,1973,1,1973,12,All (PS),0,1087.53480635761,9290.96994466937,8.54314720812182,0.6656404416780971
KE2013A135,Kenya,KE,Kericho,none,Potato,Annual,1974,1,1974,12,All (PS),0,552.048125054627,6624.57750065552,12.0,0.5192882609053494
KE2013A135,Kenya,KE,Kericho,none,Potato,Annual,1975,1,1975,12,All (PS),0,165.614437516388,1324.9155001311,8.0,0.6444567109053493
KE2013A135,Kenya,KE,Kericho,none,Potato,Annual,1976,1,1976,12,All (PS),0,194.734976113019,1947.34976113019,10.0,0.6554537859853672
KE2013A135,Kenya,KE,Kericho,none,Potato,Annual,1977,1,1977,12,All (PS),0,139.530163607557,1674.36196329068,12.0,0.5192882609053494
KE2013A135,Kenya,KE,Kericho,none,Potato,Annual,1978,1,1978,12,All (PS),0,299.624119873398,3272.2652612613,10.9212344541685,0.6050952139689063
KE2013A135,Kenya,KE,Kericho,none,Potato,Annual,1979,1,1979,12,All (PS),0,183.556001580663,3303.17995626436,17.9954887218045,0.3028003933927758
KE2013A135,Kenya,KE,Kericho,none,Potato,Annual,1980,1,1980,12,All (PS),0,184.246061736981,2947.9369877917,16.0,0.3278479547096483
KE2013A135,Kenya,KE,Kericho,none,Potato,Annual,1981,1,1981,12,All (PS),0,200.80750548862,2671.91292526439,13.3058419243986,0.4310679623914038
KE2013A135,Kenya,KE,Kericho,none,Potato,Annual,1982,1,1982,12,All (PS),0,331.228875032776,4968.43312549164,15.0,0.3553888227480568
KE2013A135,Kenya,KE,Kericho,none,Potato,Annual,1983,1,1983,12,All (PS),0,408.929648634215,3395.78602924227,8.30408369895376,0.6604469981481474
KE2013A135,Kenya,KE,Kericho,none,Potato,Annual,1984,1,1984,12,All (PS),0,379.533085975056,56.9989689118902,0.150181818181818,0.0
KE2013A135,Kenya,KE,Kericho,none,Potato,Annual,1985,1,1985,12,All (PS),0,372.632484411873,3875.37783788348,10.3999999999999,0.6325771680841327
KE2013A135,Kenya,KE,Kericho,none,Potato,Annual,1986,1,1986,12,All (PS),0,455.439703170067,4085.15612540424,8.96969696969697,0.6692448975765882
KE2013A135,Kenya,KE,Kericho,none,Potato,Annual,1987,1,1987,12,All (PS),0,461.926268639459,5543.11522367351,11.9999999999999,0.5395310658436209
KE2013A135,Kenya,KE,Kericho,none,Potato,Annual,1988,1,1988,12,All (PS),0,398.440734258177,4776.32037797263,11.9875303082784,0.5427624713991765
KE2013A135,Kenya,KE,Kericho,none,Potato,Annual,1989,1,1989,12,All (PS),0,1130.0,5650.0,5.0,0.2092941879058091
KE2013A135,Kenya,KE,Kericho,none,Potato,Annual,1990,1,1990,12,All (PS),0,1968.0,39360.0,20.0,0.2730896927069053
KE2013A135,Kenya,KE,Kericho,none,Potato,Annual,2014,1,2014,12,All (PS),0,599.4,6401.0,10.679012345679,0.6187755349794232
KE2013A135,Kenya,KE,Kericho,none,Potato,Annual,2015,1,2015,12,All (PS),0,484.0,3433.0,7.09297520661157,0.5824553754915408
KE2013A135,Kenya,KE,Kericho,none,Potato,Annual,2016,1,2016,12,All (PS),0,510.0,2955.0,5.79411764705882,0.392251095107454
KE2013A135,Kenya,KE,Kericho,none,Potato,Annual,2017,1,2017,12,All (PS),0,624.0,7738.5,12.4014423076923,0.4796846643804294
KE2013A135,Kenya,KE,Kericho,none,Potato,Annual,2018,1,2018,12,All (PS),0,585.0,6571.0,11.2324786324786,0.57001432510288
KE2013A135,Kenya,KE,Kericho,none,Potato,Annual,2019,1,2019,12,All (PS),0,559.0,5031.0,9.0,0.6694635849794232
KE2013A135,Kenya,KE,Kericho,none,Potato,Annual,2020,1,2020,12,All (PS),0,595.0,4600.8,7.73243697478991,0.6250401184270687
KE2013A135,Kenya,KE,Kericho,none,Potato,Annual,2021,1,2021,12,All (PS),0,618.0,6798.0,11.0,0.5914716584362133
KE2013A136,Kenya,KE,Bomet,none,Potato,Annual,1971,1,1971,12,All (PS),0,11068.7875065433,24351.1601168016,2.19998442488902,0.0
KE2013A136,Kenya,KE,Bomet,none,Potato,Annual,1972,1,1972,12,All (PS),0,10662.7911732685,95965.120559417,8.99999999999999,0.6693282671239132
KE2013A136,Kenya,KE,Bomet,none,Potato,Annual,1973,1,1973,12,All (PS),0,6792.46519364238,58029.0300553306,8.54314720812182,0.6656404416780971
KE2013A136,Kenya,KE,Bomet,none,Potato,Annual,1974,1,1974,12,All (PS),0,3447.95187494537,41375.4224993444,12.0,0.5192882609053494
KE2013A136,Kenya,KE,Bomet,none,Potato,Annual,1975,1,1975,12,All (PS),0,1034.38556248361,8275.08449986889,8.0,0.6444567109053493
KE2013A136,Kenya,KE,Bomet,none,Potato,Annual,1976,1,1976,12,All (PS),0,1216.26502388698,12162.6502388698,10.0,0.6554537859853672
KE2013A136,Kenya,KE,Bomet,none,Potato,Annual,1977,1,1977,12,All (PS),0,871.469836392443,10457.6380367093,12.0,0.5192882609053494
KE2013A136,Kenya,KE,Bomet,none,Potato,Annual,1978,1,1978,12,All (PS),0,1871.3758801266,20437.7347387386,10.9212344541685,0.6050952139689063
KE2013A136,Kenya,KE,Bomet,none,Potato,Annual,1979,1,1979,12,All (PS),0,1146.44399841933,20630.8200437356,17.9954887218045,0.3028003933927758
KE2013A136,Kenya,KE,Bomet,none,Potato,Annual,1980,1,1980,12,All (PS),0,1150.75393826301,18412.0630122082,16.0,0.3278479547096483
KE2013A136,Kenya,KE,Bomet,none,Potato,Annual,1981,1,1981,12,All (PS),0,1254.19249451137,16688.0870747356,13.3058419243986,0.4310679623914038
KE2013A136,Kenya,KE,Bomet,none,Potato,Annual,1982,1,1982,12,All (PS),0,2068.77112496722,31031.5668745083,15.0,0.3553888227480568
KE2013A136,Kenya,KE,Bomet,none,Potato,Annual,1983,1,1983,12,All (PS),0,2554.07035136578,21209.2139707577,8.30408369895376,0.6604469981481474
KE2013A136,Kenya,KE,Bomet,none,Potato,Annual,1984,1,1984,12,All (PS),0,2370.46691402494,356.001031088109,0.150181818181818,0.0
KE2013A136,Kenya,KE,Bomet,none,Potato,Annual,1985,1,1985,12,All (PS),0,2327.36751558812,24204.6221621165,10.4,0.6314128838591672
KE2013A136,Kenya,KE,Bomet,none,Potato,Annual,1986,1,1986,12,All (PS),0,2844.56029682993,25514.8438745957,8.96969696969696,0.6691434460905342
KE2013A136,Kenya,KE,Bomet,none,Potato,Annual,1987,1,1987,12,All (PS),0,2885.07373136054,34620.8847763264,12.0,0.5192882609053494
KE2013A136,Kenya,KE,Bomet,none,Potato,Annual,1988,1,1988,12,All (PS),0,2488.55926574182,29831.6796220273,11.9875303082784,0.5427624713991765
KE2013A136,Kenya,KE,Bomet,none,Potato,Annual,2013,1,2013,12,All (PS),0,3924.0,39240.0,10.0,0.6554537859853672
KE2013A136,Kenya,KE,Bomet,none,Potato,Annual,2014,1,2014,12,All (PS),0,1099.0,12089.0,11.0,0.5914716584362133
KE2013A136,Kenya,KE,Bomet,none,Potato,Annual,2015,1,2015,12,All (PS),0,5046.0,26107.0,5.17380103051922,0.2816702592592609
KE2013A136,Kenya,KE,Bomet,none,Potato,Annual,2016,1,2016,12,All (PS),0,2720.0,15175.0,5.57904411764705,0.318215783721995
KE2013A136,Kenya,KE,Bomet,none,Potato,Annual,2017,1,2017,12,All (PS),0,3629.0,37097.0,10.2223753100027,0.6402208633744849
KE2013A136,Kenya,KE,Bomet,none,Potato,Annual,2018,1,2018,12,All (PS),0,4570.0,62850.0,13.7527352297592,0.4054560814814817
KE2013A136,Kenya,KE,Bomet,none,Potato,Annual,2019,1,2019,12,All (PS),0,4193.0,41468.0,9.889816360601,0.6638803406492905
KE2013A136,Kenya,KE,Bomet,none,Potato,Annual,2020,1,2020,12,All (PS),0,3505.0,35504.0,10.1295292439372,0.6432255037037028
KE2013A136,Kenya,KE,Bomet,none,Potato,Annual,2021,1,2021,12,All (PS),0,3526.0,36320.0,10.3006239364719,0.639183152720621
KE2013A137,Kenya,KE,Kakamega,none,Potato,Annual,2013,1,2013,12,All (PS),0,18.0,63.0,3.5,0.0
KE2013A137,Kenya,KE,Kakamega,none,Potato,Annual,2014,1,2014,12,All (PS),0,16.0,105.0,6.5625,0.5210975785093738
KE2013A137,Kenya,KE,Kakamega,none,Potato,Annual,2015,1,2015,12,All (PS),0,19.0,111.0,5.84210526315789,0.4016687466849574
KE2013A137,Kenya,KE,Kakamega,none,Potato,Annual,2016,1,2016,12,All (PS),0,27.0,146.0,5.4074074074074,0.3110513343392791
KE2013A137,Kenya,KE,Kakamega,none,Potato,Annual,2017,1,2017,12,All (PS),0,19.5,117.0,6.0,0.4561482191815279
KE2013A137,Kenya,KE,Kakamega,none,Potato,Annual,2018,1,2018,12,All (PS),0,8.0,67.0,8.375,0.6612840288065837
KE2013A137,Kenya,KE,Kakamega,none,Potato,Annual,2019,1,2019,12,All (PS),0,21.5,143.0,6.65116279069767,0.5302188789208964
KE2013A137,Kenya,KE,Kakamega,none,Potato,Annual,2020,1,2020,12,All (PS),0,17.0,135.0,7.94117647058823,0.6323210627343389
KE2013A137,Kenya,KE,Kakamega,none,Potato,Annual,2021,1,2021,12,All (PS),0,23.0,195.5,8.5,0.6642253078189292
KE2013A138,Kenya,KE,Vihiga,none,Potato,Annual,2017,1,2017,12,All (PS),0,0.75,9.0,12.0,0.5192882609053494
KE2013A138,Kenya,KE,Vihiga,none,Potato,Annual,2019,1,2019,12,All (PS),0,6.0,6.5,1.08333333333333,0.0
KE2013A139,Kenya,KE,Bungoma,none,Potato,Annual,2013,1,2013,12,All (PS),0,1289.0,14179.0,11.0,0.5914716584362133
KE2013A139,Kenya,KE,Bungoma,none,Potato,Annual,2014,1,2014,12,All (PS),0,1396.0,13960.0,10.0,0.6554537859853672
KE2013A139,Kenya,KE,Bungoma,none,Potato,Annual,2015,1,2015,12,All (PS),0,541.0,4357.0,8.0536044362292,0.6534486213991763
KE2013A139,Kenya,KE,Bungoma,none,Potato,Annual,2016,1,2016,12,All (PS),0,537.0,4598.0,8.56238361266294,0.6661791203475073
KE2013A139,Kenya,KE,Bungoma,none,Potato,Annual,2017,1,2017,12,All (PS),0,1213.0,14556.0,12.0,0.5192882609053494
KE2013A139,Kenya,KE,Bungoma,none,Potato,Annual,2018,1,2018,12,All (PS),0,1776.0,23088.0,13.0,0.4497720238683125
KE2013A139,Kenya,KE,Bungoma,none,Potato,Annual,2019,1,2019,12,All (PS),0,3164.0,31643.0,10.0009481668773,0.6451381875628707
KE2013A139,Kenya,KE,Bungoma,none,Potato,Annual,2020,1,2020,12,All (PS),0,1946.0,23354.4,12.001233299075,0.4975808189300409
KE2013A139,Kenya,KE,Bungoma,none,Potato,Annual,2021,1,2021,12,All (PS),0,1883.0,24936.0,13.2426978226234,0.4354520915409237
KE2013A143,Kenya,KE,Homa Bay,none,Potato,Annual,1967,1,1967,12,All (PS),0,2531.0,18983.0,7.50019755037534,0.610001059259259
KE2013A143,Kenya,KE,Homa Bay,none,Potato,Annual,1968,1,1968,12,All (PS),0,7194.0,47780.0,6.64164581595774,0.5256943925925927
KE2013A143,Kenya,KE,Homa Bay,none,Potato,Annual,1969,1,1969,12,All (PS),0,6740.0,59312.0,8.8,0.6683649595793316
KE2013A143,Kenya,KE,Homa Bay,none,Potato,Annual,1970,1,1970,12,All (PS),0,5742.0,43065.0,7.5,0.6062779585505257
KE2013A143,Kenya,KE,Homa Bay,none,Potato,Annual,1971,1,1971,12,All (PS),0,4799.0,23995.0,5.0,0.2092941879058091
KE2013A143,Kenya,KE,Homa Bay,none,Potato,Annual,1972,1,1972,12,All (PS),0,4799.0,39812.0,8.29589497812044,0.6595692831275713
KE2013A143,Kenya,KE,Homa Bay,none,Potato,Annual,1973,1,1973,12,All (PS),0,5898.0,55441.0,9.39996609020006,0.6682030362139909
KE2013A143,Kenya,KE,Homa Bay,none,Potato,Annual,1974,1,1974,12,All (PS),0,6899.0,64161.0,9.30004348456298,0.668596837219935
KE2013A143,Kenya,KE,Homa Bay,none,Potato,Annual,1975,1,1975,12,All (PS),0,5891.0,51252.0,8.70005092514004,0.6674166954732502
KE2013A143,Kenya,KE,Homa Bay,none,Potato,Annual,1976,1,1976,12,All (PS),0,9880.0,98464.0,9.965991902834,0.6629440814814805
KE2013A143,Kenya,KE,Homa Bay,none,Potato,Annual,1977,1,1977,12,All (PS),0,9420.0,47100.0,5.0,0.2092941879058091
KE2013A143,Kenya,KE,Homa Bay,none,Potato,Annual,1978,1,1978,12,All (PS),0,7526.0,37628.0,4.9997342545841,0.1611845226337472
KE2013A143,Kenya,KE,Homa Bay,none,Potato,Annual,1979,1,1979,12,All (PS),0,8297.0,82970.0,10.0,0.6554537859853672
KE2013A143,Kenya,KE,Homa Bay,none,Potato,Annual,1980,1,1980,12,All (PS),0,5275.0,23257.0,4.40890995260663,0.09027130964792213
KE2013A143,Kenya,KE,Homa Bay,none,Potato,Annual,1981,1,1981,12,All (PS),0,3100.0,50091.0,16.1583870967741,0.3154349259259266
KE2013A143,Kenya,KE,Homa Bay,none,Potato,Annual,1982,1,1982,12,All (PS),0,8818.0,169362.0,19.2063960081651,0.2824986000000005
KE2013A143,Kenya,KE,Homa Bay,none,Potato,Annual,1983,1,1983,12,All (PS),0,9254.0,9992.0,1.07974929760103,0.0
KE2013A143,Kenya,KE,Homa Bay,none,Potato,Annual,1984,1,1984,12,All (PS),0,8254.0,119973.0,14.535134480252,0.3769136666666669
KE2013A143,Kenya,KE,Homa Bay,none,Potato,Annual,1985,1,1985,12,All (PS),0,10808.0,75656.0,7.0,0.5705421942158209
KE2013A143,Kenya,KE,Homa Bay,none,Potato,Annual,1986,1,1986,12,All (PS),0,8565.0,59955.0,7.0,0.5705421942158209
KE2013A143,Kenya,KE,Homa Bay,none,Potato,Annual,1987,1,1987,12,All (PS),0,40.0,,,
KE2013A143,Kenya,KE,Homa Bay,none,Potato,Annual,2013,1,2013,12,All (PS),0,77.0,613.0,7.96103896103896,0.6334712666666661
KE2013A143,Kenya,KE,Homa Bay,none,Potato,Annual,2014,1,2014,12,All (PS),0,2697.0,32655.0,12.1078976640711,0.4848882610882485
KE2013A145,Kenya,KE,Kisii,none,Potato,Annual,1968,1,1968,12,All (PS),0,612.80936061381,4.02634271099744,0.00657030223390275,0.0
KE2013A145,Kenya,KE,Kisii,none,Potato,Annual,1969,1,1969,12,All (PS),2,153.001023017902,3.22107416879795,0.0210526315789473,0.0
KE2013A145,Kenya,KE,Kisii,none,Potato,Annual,1970,1,1970,12,All (PS),2,378.476214833759,2.41580562659846,0.00638297872340425,0.0
KE2013A145,Kenya,KE,Kisii,none,Potato,Annual,1971,1,1971,12,All (PS),2,378.476214833759,4.02634271099744,0.0106382978723404,0.0
KE2013A145,Kenya,KE,Kisii,none,Potato,Annual,1972,1,1972,12,All (PS),2,167.495856777493,4.83161125319693,0.0288461538461538,0.0
KE2013A145,Kenya,KE,Kisii,none,Potato,Annual,1973,1,1973,12,All (PS),2,167.495856777493,5.63687979539641,0.0336538461538461,0.0
KE2013A145,Kenya,KE,Kisii,none,Potato,Annual,1974,1,1974,12,All (PS),2,104.684910485933,5.63687979539641,0.0538461538461538,0.0
KE2013A145,Kenya,KE,Kisii,none,Potato,Annual,1975,1,1975,12,All (PS),2,161.053708439897,6.4421483375959,0.04,0.0
KE2013A145,Kenya,KE,Kisii,none,Potato,Annual,1976,1,1976,12,All (PS),0,225.475191815856,1172.47099744245,5.19999999999999,0.2909761585505274
KE2013A145,Kenya,KE,Kisii,none,Potato,Annual,1977,1,1977,12,All (PS),0,290.701943734015,1627.44772378516,5.5983379501385,0.3305795314814829
KE2013A145,Kenya,KE,Kisii,none,Potato,Annual,1978,1,1978,12,All (PS),0,173.938005115089,1095.9704859335,6.30092592592592,0.4932622870370375
KE2013A145,Kenya,KE,Kisii,none,Potato,Annual,1979,1,1979,12,All (PS),0,197.290792838874,1262.66107416879,6.39999999999999,0.5044391481481485
KE2013A145,Kenya,KE,Kisii,none,Potato,Annual,1980,1,1980,12,All (PS),0,425.181790281329,2381.17907928388,5.60037878787878,0.364683994215822
KE2013A145,Kenya,KE,Kisii,none,Potato,Annual,1981,1,1981,12,All (PS),0,812.515959079283,4549.76726342711,5.59960356788899,0.3375450795381814
KE2013A145,Kenya,KE,Kisii,none,Potato,Annual,1982,1,1982,12,All (PS),0,755.34189258312,4230.07565217391,5.6002132196162,0.3580077571787849
KE2013A145,Kenya,KE,Kisii,none,Potato,Annual,1983,1,1983,12,All (PS),0,485.576930946291,3107.53130434782,6.39966832504146,0.5019870446273438
KE2013A145,Kenya,KE,Kisii,none,Potato,Annual,1984,1,1984,12,All (PS),0,417.934373401534,2338.49984654731,5.59537572254335,0.3235416556698687
KE2013A145,Kenya,KE,Kisii,none,Potato,Annual,1985,1,1985,12,All (PS),0,724.741687979539,4058.55345268542,5.6,0.3495607499771388
KE2013A145,Kenya,KE,Kisii,none,Potato,Annual,1986,1,1986,12,All (PS),0,169.106393861892,1352.85115089514,8.0,0.6444567109053493
KE2013A145,Kenya,KE,Kisii,none,Potato,Annual,1987,1,1987,12,All (PS),0,416.323836317135,6244.85754475703,15.0,0.3553888227480568
KE2013A145,Kenya,KE,Kisii,none,Potato,Annual,1988,1,1988,12,All (PS),0,412.297493606138,5210.08746803069,12.63671875,0.4650018334476451
KE2013A145,Kenya,KE,Kisii,none,Potato,Annual,1989,1,1989,12,All (PS),0,850.0,9440.0,11.1058823529411,0.5756227646090529
KE2013A145,Kenya,KE,Kisii,none,Potato,Annual,1990,1,1990,12,All (PS),0,442.0,6630.0,15.0,0.3553888227480568
KE2013A145,Kenya,KE,Kisii,none,Potato,Annual,2013,1,2013,12,All (PS),0,156.0,1404.0,9.0,0.6694635849794232
KE2013A145,Kenya,KE,Kisii,none,Potato,Annual,2014,1,2014,12,All (PS),0,160.0,1520.0,9.5,0.6674767201646082
KE2013A145,Kenya,KE,Kisii,none,Potato,Annual,2015,1,2015,12,All (PS),0,71.0,542.0,7.6338028169014,0.6184754115226333
KE2013A145,Kenya,KE,Kisii,none,Potato,Annual,2016,1,2016,12,All (PS),0,52.0,390.0,7.5,0.6062779585505257
KE2013A145,Kenya,KE,Kisii,none,Potato,Annual,2017,1,2017,12,All (PS),0,109.0,1818.0,16.6788990825688,0.3118476619112946
KE2013A145,Kenya,KE,Kisii,none,Potato,Annual,2018,1,2018,12,All (PS),0,103.0,655.0,6.35922330097087,0.4970285917695478
KE2013A145,Kenya,KE,Kisii,none,Potato,Annual,2019,1,2019,12,All (PS),0,53.0,437.5,8.25471698113207,0.6570298084133509
KE2013A145,Kenya,KE,Kisii,none,Potato,Annual,2020,1,2020,12,All (PS),0,34.0,510.0,15.0,0.3553888227480568
KE2013A145,Kenya,KE,Kisii,none,Potato,Annual,2021,1,2021,12,All (PS),0,43.0,595.0,13.8372093023255,0.4023570298125287
KE2013A146,Kenya,KE,Nyamira,none,Potato,Annual,1968,1,1968,12,All (PS),0,148.190639386189,0.973657289002557,0.00657030223390275,0.0
KE2013A146,Kenya,KE,Nyamira,none,Potato,Annual,1969,1,1969,12,All (PS),2,36.9989769820971,0.778925831202046,0.0210526315789473,0.0
KE2013A146,Kenya,KE,Nyamira,none,Potato,Annual,1970,1,1970,12,All (PS),2,91.5237851662404,0.584194373401534,0.00638297872340425,0.0
KE2013A146,Kenya,KE,Nyamira,none,Potato,Annual,1971,1,1971,12,All (PS),2,91.5237851662404,0.973657289002557,0.0106382978723404,0.0
KE2013A146,Kenya,KE,Nyamira,none,Potato,Annual,1972,1,1972,12,All (PS),2,40.5041432225063,1.16838874680306,0.0288461538461538,0.0
KE2013A146,Kenya,KE,Nyamira,none,Potato,Annual,1973,1,1973,12,All (PS),2,40.5041432225063,1.36312020460358,0.0336538461538461,0.0
KE2013A146,Kenya,KE,Nyamira,none,Potato,Annual,1974,1,1974,12,All (PS),2,25.3150895140664,1.36312020460358,0.0538461538461538,0.0
KE2013A146,Kenya,KE,Nyamira,none,Potato,Annual,1975,1,1975,12,All (PS),2,38.9462915601023,1.55785166240409,0.0399999999999999,0.0
KE2013A146,Kenya,KE,Nyamira,none,Potato,Annual,1976,1,1976,12,All (PS),0,54.5248081841432,283.529002557544,5.19999999999999,0.2909761585505274
KE2013A146,Kenya,KE,Nyamira,none,Potato,Annual,1977,1,1977,12,All (PS),0,70.2980562659846,393.552276214833,5.5983379501385,0.3305795314814829
KE2013A146,Kenya,KE,Nyamira,none,Potato,Annual,1978,1,1978,12,All (PS),0,42.0619948849104,265.029514066496,6.30092592592592,0.4932622870370375
KE2013A146,Kenya,KE,Nyamira,none,Potato,Annual,1979,1,1979,12,All (PS),0,47.7092071611253,305.338925831202,6.4,0.5068731697302244
KE2013A146,Kenya,KE,Nyamira,none,Potato,Annual,1980,1,1980,12,All (PS),0,102.81820971867,575.820920716112,5.60037878787878,0.364683994215822
KE2013A146,Kenya,KE,Nyamira,none,Potato,Annual,1981,1,1981,12,All (PS),0,196.484040920716,1100.23273657289,5.59960356788899,0.3375450795381814
KE2013A146,Kenya,KE,Nyamira,none,Potato,Annual,1982,1,1982,12,All (PS),0,182.658107416879,1022.92434782608,5.6002132196162,0.3580077571787849
KE2013A146,Kenya,KE,Nyamira,none,Potato,Annual,1983,1,1983,12,All (PS),0,117.423069053708,751.468695652173,6.39966832504145,0.4995168591678102
KE2013A146,Kenya,KE,Nyamira,none,Potato,Annual,1984,1,1984,12,All (PS),0,101.065626598465,565.500153452685,5.59537572254335,0.3235416556698687
KE2013A146,Kenya,KE,Nyamira,none,Potato,Annual,1985,1,1985,12,All (PS),0,175.25831202046,981.446547314578,5.6,0.3495607499771388
KE2013A146,Kenya,KE,Nyamira,none,Potato,Annual,1986,1,1986,12,All (PS),0,40.8936061381074,327.148849104859,8.0,0.6444567109053493
KE2013A146,Kenya,KE,Nyamira,none,Potato,Annual,1987,1,1987,12,All (PS),0,100.676163682864,1510.14245524296,15.0,0.3553888227480568
KE2013A146,Kenya,KE,Nyamira,none,Potato,Annual,1988,1,1988,12,All (PS),0,99.7025063938619,1259.9125319693,12.63671875,0.4650018334476451
KE2013A146,Kenya,KE,Nyamira,none,Potato,Annual,2013,1,2013,12,All (PS),0,34.0,286.0,8.41176470588235,0.6623367828989476
KE2013A146,Kenya,KE,Nyamira,none,Potato,Annual,2014,1,2014,12,All (PS),0,41.0,245.5,5.98780487804878,0.4230103991769555
KE2013A146,Kenya,KE,Nyamira,none,Potato,Annual,2015,1,2015,12,All (PS),0,15.0,89.0,5.93333333333333,0.417003193872886
KE2013A146,Kenya,KE,Nyamira,none,Potato,Annual,2016,1,2016,12,All (PS),0,23.0,136.0,5.91304347826086,0.413972468312758
KE2013A146,Kenya,KE,Nyamira,none,Potato,Annual,2017,1,2017,12,All (PS),0,31.0,320.0,10.3225806451612,0.6381273601280283
KE2013A146,Kenya,KE,Nyamira,none,Potato,Annual,2018,1,2018,12,All (PS),0,26.0,241.0,9.26923076923077,0.668766614814814
KE2013A146,Kenya,KE,Nyamira,none,Potato,Annual,2019,1,2019,12,All (PS),0,22.0,255.0,11.590909090909,0.554262881115683
KE2013A146,Kenya,KE,Nyamira,none,Potato,Annual,2020,1,2020,12,All (PS),0,13.0,141.0,10.8461538461538,0.6103251925925919
KE2013A146,Kenya,KE,Nyamira,none,Potato,Annual,2021,1,2021,12,All (PS),0,17.5,190.0,10.8571428571428,0.6088535154092356
KE2013A147,Kenya,KE,Nairobi,none,Potato,Annual,2013,1,2013,12,All (PS),0,127.0,1270.0,10.0,0.6554537859853672
KE2013A147,Kenya,KE,Nairobi,none,Potato,Annual,2014,1,2014,12,All (PS),0,94.0,940.0,10.0,0.6554537859853672
KE2013A147,Kenya,KE,Nairobi,none,Potato,Annual,2015,1,2015,12,All (PS),0,106.0,547.0,5.16037735849056,0.2779162561499787
KE2013A147,Kenya,KE,Nairobi,none,Potato,Annual,2016,1,2016,12,All (PS),0,128.0,645.0,5.0390625,0.2550125167809802
KE2013A147,Kenya,KE,Nairobi,none,Potato,Annual,2017,1,2017,12,All (PS),0,102.0,428.4,4.2,0.06248544682213358
KE2013A147,Kenya,KE,Nairobi,none,Potato,Annual,2018,1,2018,12,All (PS),0,25.1,127.8,5.09163346613545,0.2627194243255618
KE2013A147,Kenya,KE,Nairobi,none,Potato,Annual,2019,1,2019,12,All (PS),0,22.77,160.89,7.06587615283267,0.5788711499771376
KE2013A147,Kenya,KE,Nairobi,none,Potato,Annual,2020,1,2020,12,All (PS),0,9.6,69.0,7.1875,0.5859672732510287
KE2013A147,Kenya,KE,Nairobi,none,Potato,Annual,2021,1,2021,12,All (PS),0,35.1,246.0,7.008547008547,0.5752145967078188
